SAMPLEID	CHROM	POS	REF	ALT	GENE	Consequence	IMPACT	DP	VAF
liftOver_WP048_hg19ToHg38	chr1	114716123	C	T	NRAS	missense_variant	MODERATE	232	0.258
liftOver_WP060_hg19ToHg38	chr17	76736877	G	A	SRSF2	missense_variant	MODERATE	247	0.525
liftOver_WP072_hg19ToHg38	chr11	119299722	G	A	CBL	missense_variant	MODERATE	277	0.017
liftOver_WP078_hg19ToHg38	chr7	148809311	T	C	EZH2	splice_region_variant&synonymous_variant	LOW	85	0.744
liftOver_WP164_hg19ToHg38	chr17	7673796	C	T	TP53	missense_variant	MODERATE	135	0.284
liftOver_WP180_hg19ToHg38	chr11	119278541	G	A	CBL	missense_variant	MODERATE	156	0.03
liftOver_WP212_hg19ToHg38	chr17	76736877	G	T	SRSF2	missense_variant	MODERATE	229	0.478
liftOver_WP216_hg19ToHg38	chr21	43104346	G	A	U2AF1	missense_variant	MODERATE	106	0.284
liftOver_WP270_hg19ToHg38	chr12	25227346	C	G	KRAS	missense_variant	MODERATE	45	0.386
liftOver_WP270_hg19ToHg38	chr15	90084361	G	T	IDH2	splice_region_variant&splice_polypyrimidine_tract_variant&intron_variant	LOW	121	0.038
liftOver_WP274_hg19ToHg38	chr7	148828745	C	A	EZH2	missense_variant	MODERATE	253	0.019
liftOver_WP276_hg19ToHg38	chr17	7675217	T	C	TP53	missense_variant	MODERATE	101	0.483
liftOver_WP291_hg19ToHg38	chr11	119299602	G	T	CBL	missense_variant	MODERATE	395	0.015
liftOver_WP295_hg19ToHg38	chr11	119271799	C	A	CBL	missense_variant	MODERATE	320	0.016
liftOver_WP295_hg19ToHg38	chr15	90088474	C	A	IDH2	missense_variant	MODERATE	275	0.023
liftOver_WP295_hg19ToHg38	chr7	148826540	C	A	EZH2	missense_variant	MODERATE	218	0.018
liftOver_WP295_hg19ToHg38	chr7	148828739	C	A	EZH2	splice_donor_variant	HIGH	264	0.018
liftOver_WP306_hg19ToHg38	chr11	119206529	C	A	CBL	missense_variant	MODERATE	63	0.08
liftOver_WP306_hg19ToHg38	chr11	119271861	G	T	CBL	missense_variant	MODERATE	84	0.061
liftOver_WP306_hg19ToHg38	chr2	208237119	C	A	IDH1	missense_variant	MODERATE	62	0.062
liftOver_WP306_hg19ToHg38	chr21	43094667	T	G	U2AF1	missense_variant	MODERATE	82	0.429
liftOver_WP306_hg19ToHg38	chr7	148828785	C	A	EZH2	stop_gained	HIGH	145	0.027
liftOver_WP306_hg19ToHg38	chr7	148847255	C	A	EZH2	missense_variant	MODERATE	100	0.043
